ComponentName,Type,FileName,ExportedUTC
ThisWorkbook,Document,ThisWorkbook.cls,2025-10-05T20:10:48Z
Dashboard,Document,Dashboard.cls,2025-10-05T20:10:48Z
Sheet20,Document,Sheet20.cls,2025-10-05T20:10:48Z
Sheet13,Document,Sheet13.cls,2025-10-05T20:10:48Z
Sheet1,Document,Sheet1.cls,2025-10-05T20:10:48Z
Sheet12,Document,Sheet12.cls,2025-10-05T20:10:48Z
mod_ModeDrivenSearch,StdModule,mod_ModeDrivenSearch.bas,2025-10-05T20:10:48Z
mod_PrimaryConsolidatedModule3,StdModule,mod_PrimaryConsolidatedModule3.bas,2025-10-05T20:10:48Z
Diagnostic,StdModule,Diagnostic.bas,2025-10-05T20:10:48Z
ModeStart,StdModule,ModeStart.bas,2025-10-05T20:10:48Z
DevTools,StdModule,DevTools.bas,2025-10-05T20:10:48Z
mod_MetadataSnapshot,StdModule,mod_MetadataSnapshot.bas,2025-10-05T20:10:48Z
mod_SearchEngineCore,StdModule,mod_SearchEngineCore.bas,2025-10-05T20:10:48Z
mod_VBAExportUtility,StdModule,mod_VBAExportUtility.bas,2025-10-05T20:10:49Z
Sheet2,Document,Sheet2.cls,2025-10-05T20:10:49Z
Sheet3,Document,Sheet3.cls,2025-10-05T20:10:49Z